{"cameraMode":{"drawMode":0,"name":"Shaded","section":"Shading Mode"},"sceneLighting":true,"audioPlay":false,"sceneViewState":{"showFog":true,"showMaterialUpdate":true,"showSkybox":true,"showFlares":true,"showImageEffects":true,"showParticleSystems":true},"in2DMode":false,"pivot":{"x":-0.7673730850219727,"y":1.3078285455703736,"z":-6.038268089294434},"rotation":{"x":-0.28826749324798586,"y":0.09775274991989136,"z":-0.029598990455269815,"w":-0.9520872831344605},"size":14.435932159423829,"orthographic":true}