{"cameraMode":{"drawMode":0,"name":"Shaded","section":"Shading Mode"},"sceneLighting":true,"audioPlay":false,"sceneViewState":{"showFog":true,"showMaterialUpdate":true,"showSkybox":true,"showFlares":true,"showImageEffects":true,"showParticleSystems":true},"in2DMode":false,"pivot":{"x":1.1506831645965577,"y":-1.4484658241271973,"z":2.2120561599731447},"rotation":{"x":-0.40332168340682986,"y":-0.03675762191414833,"z":0.01621532067656517,"w":-0.9141759276390076},"size":18.145889282226564,"orthographic":true}