{"cameraMode":{"drawMode":0,"name":"Shaded","section":"Shading Mode"},"sceneLighting":true,"audioPlay":false,"sceneViewState":{"showFog":true,"showMaterialUpdate":true,"showSkybox":true,"showFlares":true,"showImageEffects":true,"showParticleSystems":true},"in2DMode":false,"pivot":{"x":-0.02443385124206543,"y":2.0269854068756105,"z":0.005884289741516113},"rotation":{"x":-0.05710165202617645,"y":0.9428704977035523,"z":-0.2352386862039566,"w":-0.22890491783618928},"size":6.925285816192627,"orthographic":true}