{"cameraMode":{"drawMode":0,"name":"Shaded","section":"Shading Mode"},"sceneLighting":true,"audioPlay":false,"sceneViewState":{"showFog":true,"showMaterialUpdate":true,"showSkybox":true,"showFlares":true,"showImageEffects":true,"showParticleSystems":true},"in2DMode":false,"pivot":{"x":-0.91595458984375,"y":1.9065322875976563,"z":1.4083881378173829},"rotation":{"x":-0.05710165202617645,"y":0.9428704977035523,"z":-0.2352386862039566,"w":-0.22890491783618928},"size":7.5246477127075199,"orthographic":true}