{"cameraMode":{"drawMode":0,"name":"Shaded","section":"Shading Mode"},"sceneLighting":true,"audioPlay":false,"sceneViewState":{"showFog":true,"showMaterialUpdate":true,"showSkybox":true,"showFlares":true,"showImageEffects":true,"showParticleSystems":true},"in2DMode":false,"pivot":{"x":551.813232421875,"y":870.6309204101563,"z":659.260498046875},"rotation":{"x":0.0029999425169080497,"y":0.005999925546348095,"z":-0.00001799986421247013,"w":0.9999775290489197},"size":1331.5733642578125,"orthographic":true}