{"cameraMode":{"drawMode":0,"name":"Shaded","section":"Shading Mode"},"sceneLighting":true,"audioPlay":false,"sceneViewState":{"showFog":true,"showMaterialUpdate":true,"showSkybox":true,"showFlares":true,"showImageEffects":true,"showParticleSystems":true},"in2DMode":false,"pivot":{"x":1.296875,"y":2.0428662300109865,"z":4.43670654296875},"rotation":{"x":0.23606018722057343,"y":0.03846263512969017,"z":-0.009349745698273182,"w":0.9709319472312927},"size":21.85253143310547,"orthographic":true}