{"cameraMode":{"drawMode":0,"name":"Shaded","section":"Shading Mode"},"sceneLighting":true,"audioPlay":false,"sceneViewState":{"showFog":true,"showMaterialUpdate":true,"showSkybox":true,"showFlares":true,"showImageEffects":true,"showParticleSystems":true},"in2DMode":false,"pivot":{"x":-0.4358654022216797,"y":3.2574353218078615,"z":3.549504280090332},"rotation":{"x":-0.1925692856311798,"y":-0.16162917017936707,"z":0.03216724097728729,"w":-0.9673460721969605},"size":7.9780073165893559,"orthographic":true}