{"cameraMode":{"drawMode":0,"name":"Shaded","section":"Shading Mode"},"sceneLighting":true,"audioPlay":false,"sceneViewState":{"showFog":true,"showMaterialUpdate":true,"showSkybox":true,"showFlares":true,"showImageEffects":true,"showParticleSystems":true},"in2DMode":false,"pivot":{"x":724.5202026367188,"y":1546.8719482421875,"z":-3475.097412109375},"rotation":{"x":-0.10928070545196533,"y":-0.002043019514530897,"z":0.0002160882140742615,"w":-0.9940088391304016},"size":2783.50732421875,"orthographic":true}