{"cameraMode":{"drawMode":0,"name":"Shaded","section":"Shading Mode"},"sceneLighting":true,"audioPlay":false,"sceneViewState":{"showFog":true,"showMaterialUpdate":true,"showSkybox":true,"showFlares":true,"showImageEffects":true,"showParticleSystems":true},"in2DMode":false,"pivot":{"x":0.0984954833984375,"y":-5.616199493408203,"z":4.4609375},"rotation":{"x":-0.2796347141265869,"y":0.023340944200754167,"z":-0.006802101153880358,"w":-0.9597985744476318},"size":19.887489318847658,"orthographic":true}