{"cameraMode":{"drawMode":0,"name":"Shaded","section":"Shading Mode"},"sceneLighting":true,"audioPlay":false,"sceneViewState":{"showFog":true,"showMaterialUpdate":false,"showSkybox":true,"showFlares":true,"showImageEffects":true,"showParticleSystems":true},"in2DMode":false,"pivot":{"x":0.0027513504028320314,"y":-0.659064769744873,"z":0.5136942863464356},"rotation":{"x":-0.10618314146995545,"y":0.8831210732460022,"z":-0.24185504019260407,"w":-0.3877222239971161},"size":11.507800102233887,"orthographic":false}