{"cameraMode":{"drawMode":0,"name":"Shaded","section":"Shading Mode"},"sceneLighting":true,"audioPlay":false,"sceneViewState":{"showFog":true,"showMaterialUpdate":true,"showSkybox":true,"showFlares":true,"showImageEffects":true,"showParticleSystems":true},"in2DMode":false,"pivot":{"x":2.2555017471313478,"y":0.3832056522369385,"z":-2.265475034713745},"rotation":{"x":0.1027275025844574,"y":0.8572679162025452,"z":-0.18809960782527924,"w":0.4681425094604492},"size":5.493943214416504,"orthographic":true}