{"cameraMode":{"drawMode":0,"name":"Shaded","section":"Shading Mode"},"sceneLighting":true,"audioPlay":false,"sceneViewState":{"showFog":true,"showMaterialUpdate":true,"showSkybox":true,"showFlares":true,"showImageEffects":true,"showParticleSystems":true},"in2DMode":false,"pivot":{"x":0.0,"y":2.023686408996582,"z":-0.14629071950912476},"rotation":{"x":-0.28939175605773928,"y":-0.6547818183898926,"z":0.30068668723106387,"w":-0.630159318447113},"size":10.074037551879883,"orthographic":true}