{"cameraMode":{"drawMode":0,"name":"Shaded","section":"Shading Mode"},"sceneLighting":true,"audioPlay":false,"sceneViewState":{"showFog":true,"showMaterialUpdate":true,"showSkybox":true,"showFlares":true,"showImageEffects":true,"showParticleSystems":true},"in2DMode":false,"pivot":{"x":631.0418701171875,"y":744.2232055664063,"z":0.0},"rotation":{"x":0.0029999425169080497,"y":0.005999925546348095,"z":-0.00001799986421247013,"w":0.9999775290489197},"size":694.5780639648438,"orthographic":true}